Fecha,Torneo,Comienzo,Finalización,Equipo,Rival,Estadio,Goles Convertidos,Goles Recibidos,Resultado,Conclusión,Apariciones,DT,Comentarios,Foto,,,,,,,,,,,,,
09/09/2023,Liga,10:00,11:30,Ministros,La Cocina,Club Social Y Deportivo Pintita,0,4,0-4,P,TRUE,Juan Pablo Garnero,,,,,,,,,,,,,,,2023/09/09
16/09/2023,Liga,8:00,9:30,Ministros,Trabajo y Prev,Club Social Y Deportivo Pintita,1,4,1-4,P,TRUE,Juan Pablo Garnero,,,,,,,,,,,,,,,2023/09/09
23/09/2023,Liga,11:30,13:00,Ministros,Leones,Club Social Y Deportivo Pintita,0,1,0-1,P,TRUE,Juan Pablo Garnero,,,,,,,,,,,,,,,2023/09/09
30/09/2023,Liga,10:00,11:30,Ministros,Estrella Roja,Club Social Y Deportivo Pintita,0,3,0-3,P,TRUE,Juan Pablo Garnero,Eramos 11 justos,,,,,,,,,,,,,,2023/09/09
07/10/2023,Liga,11:30,13:00,Ministros,Automotores,Club Social Y Deportivo Pintita,0,0,0-0,E,TRUE,Juan Pablo Garnero,,,,,,,,,,,,,,,2023/09/09
21/10/2023,Liga,11:30,13:00,Ministros,La Escuela,Club Social Y Deportivo Pintita,1,1,1-1,E,TRUE,Juan Pablo Garnero,,,,,,,,,,,,,,,2023/09/09
28/10/2023,Liga,10:00,11:30,Ministros,Colón,Club Social Y Deportivo Pintita,3,3,3-3,E,TRUE,Juan Pablo Garnero,,,,,,,,,,,,,,,2023/09/09
18/11/2023,Liga,10:00,11:30,Ministros,Espinosa,Club Social Y Deportivo Pintita,3,2,3-2,G,TRUE,Juan Pablo Garnero,,,,,,,,,,,,,,,2023/09/09
25/11/2023,Liga,11:30,13:00,Ministros,Playa Brava,Club Social Y Deportivo Pintita,1,2,1-2,P,TRUE,Juan Pablo Garnero,,,,,,,,,,,,,,,2023/09/09
06/04/2024,Torneo Apertura,10:00,11:30,Ministros,Union F.C.,Club Social Y Deportivo Pintita,3,1,3-1,G,TRUE,Juan Pablo Garnero,,,,,,,,,,,,,,,2023/09/09
20/04/2024,Torneo Apertura,10:00,11:30,Ministros,La Cocina,Club Social Y Deportivo Pintita,0,3,0-3,P,TRUE,Juan Pablo Garnero,,,,,,,,,,,,,,,2023/09/09
04/05/2024,Torneo Apertura,11:30,13:00,Ministros,Nacional F.C.,Club Social Y Deportivo Pintita,4,0,4-0,G,TRUE,Juan Pablo Garnero,,TRUE,,,,,,,,,,,,,2023/09/09
11/05/2024,Torneo Apertura,10:00,11:30,Ministros,Hacha y Tiza,Club Social Y Deportivo Pintita,2,3,2-3,P,TRUE,Juan Pablo Garnero,,FALSE,,,,,,,,,,,,,2023/09/09
25/05/2024,Torneo Apertura,11:30,13:00,Ministros,La Escuela,Club Social Y Deportivo Pintita,3,0,3-0,G,TRUE,Juan Pablo Garnero,,FALSE,,,,,,,,,,,,,2023/09/09
01/06/2024,Torneo Apertura,11:30,13:00,Ministros,Jardin F.C.,Club Social Y Deportivo Pintita,2,0,2-0,G,TRUE,Juan Pablo Garnero,,TRUE,,,,,,,,,,,,,2023/09/09
08/06/2024,Torneo Apertura,11:30,13:00,Ministros,E.E.F.C.,Club Social Y Deportivo Pintita,1,2,1-2,P,TRUE,Juan Pablo Garnero,,FALSE,,,,,,,,,,,,,
15/06/2024,Torneo Apertura,10:00,11:30,Ministros,Trabajo y Prev,Club Social Y Deportivo Pintita,2,1,2-1,G,TRUE,Juan Pablo Garnero,,TRUE,,,,,,,,,,,,,
29/06/2024,Amistoso,11:30,13:00,Ministros,E.E.F.C.,Club Social Y Deportivo Pintita,1,1,1-1,E,TRUE,,,FALSE,,,,,,,,,,,,,
06/07/2024,Amistoso,11:30,13:00,Ministros,Estrella Roja,Club Social Y Deportivo Pintita,4,0,4-0,G,TRUE,,,,,,,,,,,,,,,,
10/08/2024,Copa de Oro,11:00,12:30,Ministros,Fortaleza,Club Social Y Deportivo Pintita,1,1,1-1,E,TRUE,,,FALSE,,,,,,,,,,,,,
17/08/2024,Copa de Oro,10:00,11:30,Ministros,Union F.C.,Club Social Y Deportivo Pintita,0,2,0-2,P,TRUE,,,FALSE,,,,,,,,,,,,,
24/08/2024,Copa de Oro,10:00,11:30,Ministros,Paz B.,Club Social Y Deportivo Pintita,0,2,0-2,P,TRUE,,,FALSE,,,,,,,,,,,,,
07/09/2024,Copa de Oro,8:00,9:30,Ministros,Hacha y Tiza,Club Social Y Deportivo Pintita,0,2,0-2,P,TRUE,,,FALSE,,,,,,,,,,,,,
14/09/2024,Copa de Oro,11:00,12:30,Ministros,Playa Brava,Club Social Y Deportivo Pintita,0,3,0-3,P,TRUE,,,TRUE,,,,,,,,,,,,,
21/09/2024,Copa de Oro,11:00,12:30,Ministros,Riestra,Club Social Y Deportivo Pintita,4,1,4-1,G,TRUE,Lucas Garnero,,,,,,,,,,,,,,,
28/09/2024,Copa de Oro,10:00,11:30,Ministros,Almafuerte,Club Social Y Deportivo Pintita,0,5,0-5,P,TRUE,Lucas Garnero,,,,,,,,,,,,,,,
05/10/2024,Copa de Oro,10:00,11:30,Ministros,Almafuerte,Club Social Y Deportivo Pintita,0,5,0-5,P,FALSE,Mariano Gavira,,,,,,,,,,,,,,,
19/10/2024,Copa de Oro,8:00,9:30,Ministros,Avila,Club Social Y Deportivo Pintita,0,4,0-4,P,TRUE,Lucas Garnero,,,,,,,,,,,,,,,
26/10/2024,Copa de Oro,8:00,9:30,Ministros,E.E.F.C.,Club Social Y Deportivo Pintita,1,3,1-3,P,TRUE,,,,,,,,,,,,,,,,
09/11/2024,Torneo Mundialito,11:00,12:30,Ministros,Jardin F.C.,Club Social Y Deportivo Pintita,1,3,1-3,P,TRUE,,,,,,,,,,,,,,,,
16/11/2024,Torneo Mundialito,11:00,12:30,Ministros,Fortaleza,Club Social Y Deportivo Pintita,0,2,0-2,P,TRUE,,,,,,,,,,,,,,,,
23/11/2024,Torneo Mundialito,10:00,11:30,Ministros,L.M.D.S.,Club Social Y Deportivo Pintita,3,0,3-0,G,TRUE,,,,,,,,,,,,,,,,
30/11/2024,Amistoso,10:00,11:30,Ministros,Estrella Roja,Club Social Y Deportivo Pintita,1,3,1-3,P,TRUE,,,,,,,,,,,,,,,,
14/12/2024,Torneo Mundialito,8:00,9:30,Ministros,Trabajo y Prev,Club Social Y Deportivo Pintita,0,3,0-3,P,FALSE,,No presentamos,,,,,,,,,,,,,,
15/03/2025,Amistoso,10:00,11:30,Ministros,Estrella Roja,Club Social Y Deportivo Pintita,1,2,1-2,P,TRUE,,,,,,,,,,,,,,,,
22/03/2025,Amistoso,11:30,13:00,Ministros,Jardin F.C.,Club Social Y Deportivo Pintita,3,2,3-2,G,TRUE,Gonzalo Beguelman,,,,,,,,,,,,,,,
29/03/2025,Torneo Apertura,11:00,12:30,Ministros,Branca Jrs,Club Social Y Deportivo Pintita,0,3,0-3,P,TRUE,Gonzalo Beguelman,,,,,,,,,,,,,,,
05/04/2025,Torneo Apertura,11:30,13:00,Ministros,Jardin F.C.,Club Social Y Deportivo Pintita,2,3,2-3,P,TRUE,Gonzalo Beguelman,,,,,,,,,,,,,,,
12/04/2025,Torneo Apertura,10:00,11:30,Ministros,Estrella Roja,Club Social Y Deportivo Pintita,2,0,2-0,G,TRUE,Gonzalo Beguelman,,,,,,,,,,,,,,,
03/05/2025,Torneo Apertura,10:00,11:30,Ministros,Fortaleza,Club Social Y Deportivo Pintita,2,0,2-0,G,TRUE,El Consejo,,,,,,,,,,,,,,,
11/05/2025,Torneo Apertura,11:30,13:00,Ministros,La Escuela,Club Social Y Deportivo Pintita,3,1,3-1,G,TRUE,El Consejo,,,,,,,,,,,,,,,
24/05/2025,Torneo Apertura,11:30,13:00,Ministros,Santander,Club Social Y Deportivo Pintita,2,3,2-3,P,TRUE,El Consejo,,,,,,,,,,,,,,,
31/05/2025,Torneo Apertura,11:30,13:00,Ministros,Nike F.C.,Club Social Y Deportivo Pintita,1,3,1-3,P,TRUE,El Consejo,,,,,,,,,,,,,,,
07/06/2025,Torneo Apertura,11:30,13:00,Ministros,Branca Jrs,Club Social Y Deportivo Pintita,0,3,0-3,P,TRUE,El Consejo,,,,,,,,,,,,,,,
21/06/2025,Torneo Apertura,11:30,13:00,Ministros,Jardin F.C.,Club Social Y Deportivo Pintita,0,2,0-2,P,TRUE,El Consejo,,,,,,,,,,,,,,,
28/06/2025,Torneo Apertura,11:30,13:00,Ministros,Santander,Club Social Y Deportivo Pintita,2,1,2-1,G,TRUE,El Consejo,,,,,,,,,,,,,,,
12/07/2025,Torneo Apertura,11:30,13:00,Ministros,La Escuela,Club Social Y Deportivo Pintita,0,2,0-2,P,TRUE,El Consejo,,,,,,,,,,,,,,,
19/07/2025,Torneo Apertura,11:30,13:00,Ministros,Nike F.C.,Club Social Y Deportivo Pintita,2,3,2-3,P,TRUE,El Consejo,,,,,,,,,,,,,,,
09/08/2025,Torneo Apertura,11:30,13:00,Ministros,Estrella Roja,Club Social Y Deportivo Pintita,2,1,2-1,G,TRUE,El Consejo,,,,,,,,,,,,,,,
23/08/2025,Torneo Clausura,10:00,11:30,Ministros,Paz B.,Club Social Y Deportivo Pintita,0,2,0-2,P,TRUE,El Consejo,,,,,,,,,,,,,,,
06/09/2025,Torneo Clausura,10:00,11:30,Ministros,Fortaleza,Club Social Y Deportivo Pintita,3,0,3-0,G,TRUE,El Consejo,,,,,,,,,,,,,,,
13/09/2025,Torneo Clausura,10:00,11:30,Ministros,La Escuela,Club Social Y Deportivo Pintita,2,1,2-1,G,TRUE,El Consejo,,,,,,,,,,,,,,,
04/10/2025,Torneo Clausura,10:00,11:30,Ministros,El Pueblo F.C.,Club Social Y Deportivo Pintita,0,1,0-1,P,TRUE,El Consejo,,,,,,,,,,,,,,,
11/10/2025,Torneo Clausura,11:30,13:00,Ministros,El Gallego,Club Social Y Deportivo Pintita,0,1,0-1,P,TRUE,El Consejo,,,,,,,,,,,,,,,
18/10/2025,Torneo Clausura,8:00,9:30,Ministros,Trabajo y Prev,Club Social Y Deportivo Pintita,1,1,1-1,E,FALSE,El Consejo,,,,,,,,,,,,,,,
01/11/2025,Torneo Clausura,8:00,9:30,Ministros,Paz B.,Club Social Y Deportivo Pintita,4,1,4-1,G,TRUE,El Consejo,,TRUE,,,,,,,,,,,,,
15/11/2025,Amistoso,11:30,13:00,Ministros,Deportivo La Legion,Club Social Y Deportivo Pintita,7,2,7-2,G,TRUE,El Consejo,,TRUE,,,,,,,,,,,,,
29/11/2025,Torneo Clausura,10:00,11:30,Ministros,El Pueblo F.C.,Club Social Y Deportivo Pintita,0,5,0-5,P,TRUE,El Consejo,,,,,,,,,,,,,,,
06/12/2025,Torneo Clausura,9:00,10:30,Ministros,Trabajo y Prev,Club Social Y Deportivo Pintita,4,0,4-0,G,TRUE,El Consejo,,TRUE,,,,,,,,,,,,,
13/12/2025,Torneo Clausura,11:30,13:00,Ministros,La Escuela,Club Social Y Deportivo Pintita,5,2,5-2,G,TRUE,El Consejo,,TRUE,,,,,,,,,,,,,
20/12/2025,Torneo Clausura,10:00,11:30,Ministros,Fortaleza,Club Social Y Deportivo Pintita,3,3,3-3,E,TRUE,El Consejo,,,,,,,,,,,,,,,
28/02/2026,Amistoso,10:00,11:30,Ministros,Union F.C.,Club Social Y Deportivo Pintita,4,2,4-2,G,TRUE,El Consejo,,,,,,,,,,,,,,,
14/03/2026,Amistoso,10:00,11:30,Ministros,Estrella Roja,Club Social Y Deportivo Pintita,1,2,1-2,P,TRUE,El Consejo,,,,,,,,,,,,,,,
24/03/2026,Torneo Apertura,14:30,16:00,Ministros,Gladiadores,Canchas UTN,0,1,0-1,P,TRUE,El Consejo,,,,,,,,,,,,,,,
11/04/2026,Torneo Apertura,11:30,13:00,Ministros,LTC,Canchas UTN,1,0,1-0,G,TRUE,El Consejo,,,,,,,,,,,,,,,
,,,,,,,,,,,FALSE,,,,,,,,,,,,,,,,
,,,,,,,,,,,FALSE,,,,,,,,,,,,,,,,
,,,,,,,,,,,FALSE,,,,,,,,,,,,,,,,
,,,,,,,,,,,FALSE,,,,,,,,,,,,,,,,
,,,,,,,,,,,FALSE,,,,,,,,,,,,,,,,
,,,,,,,,,,,FALSE,,,,,,,,,,,,,,,,
,,,,,,,,,,,FALSE,,,,,,,,,,,,,,,,
,,,,,,,,,,,FALSE,,,,,,,,,,,,,,,,
,,,,,,,,,,,FALSE,,,,,,,,,,,,,,,,
,,,,,,,,,,,FALSE,,,,,,,,,,,,,,,,
,,,,,,,,,,,FALSE,,,,,,,,,,,,,,,,
,,,,,,,,,,,FALSE,,,,,,,,,,,,,,,,
,,,,,,,,,,,FALSE,,,,,,,,,,,,,,,,
,,,,,,,,,,,FALSE,,,,,,,,,,,,,,,,
,,,,,,,,,,,FALSE,,,,,,,,,,,,,,,,
,,,,,,,,,,,FALSE,,,,,,,,,,,,,,,,
,,,,,,,,,,,FALSE,,,,,,,,,,,,,,,,
,,,,,,,,,,,FALSE,,,,,,,,,,,,,,,,
,,,,,,,,,,,FALSE,,,,,,,,,,,,,,,,
,,,,,,,,,,,FALSE,,,,,,,,,,,,,,,,
,,,,,,,,,,,FALSE,,,,,,,,,,,,,,,,
,,,,,,,,,,,FALSE,,,,,,,,,,,,,,,,
,,,,,,,,,,,FALSE,,,,,,,,,,,,,,,,
,,,,,,,,,,,FALSE,,,,,,,,,,,,,,,,
,,,,,,,,,,,FALSE,,,,,,,,,,,,,,,,
,,,,,,,,,,,FALSE,,,,,,,,,,,,,,,,
,,,,,,,,,,,FALSE,,,,,,,,,,,,,,,,
,,,,,,,,,,,FALSE,,,,,,,,,,,,,,,,
,,,,,,,,,,,FALSE,,,,,,,,,,,,,,,,
,,,,,,,,,,,FALSE,,,,,,,,,,,,,,,,
,,,,,,,,,,,FALSE,,,,,,,,,,,,,,,,
,,,,,,,,,,,FALSE,,,,,,,,,,,,,,,,
,,,,,,,,,,,FALSE,,,,,,,,,,,,,,,,
,,,,,,,,,,,FALSE,,,,,,,,,,,,,,,,
,,,,,,,,,,,FALSE,,,,,,,,,,,,,,,,
,,,,,,,,,,,FALSE,,,,,,,,,,,,,,,,
,,,,,,,,,,,FALSE,,,,,,,,,,,,,,,,
,,,,,,,,,,,FALSE,,,,,,,,,,,,,,,,
,,,,,,,,,,,FALSE,,,,,,,,,,,,,,,,
,,,,,,,,,,,FALSE,,,,,,,,,,,,,,,,
,,,,,,,,,,,FALSE,,,,,,,,,,,,,,,,
,,,,,,,,,,,FALSE,,,,,,,,,,,,,,,,
,,,,,,,,,,,FALSE,,,,,,,,,,,,,,,,
,,,,,,,,,,,FALSE,,,,,,,,,,,,,,,,
,,,,,,,,,,,FALSE,,,,,,,,,,,,,,,,
,,,,,,,,,,,FALSE,,,,,,,,,,,,,,,,
,,,,,,,,,,,FALSE,,,,,,,,,,,,,,,,
,,,,,,,,,,,FALSE,,,,,,,,,,,,,,,,
,,,,,,,,,,,FALSE,,,,,,,,,,,,,,,,
,,,,,,,,,,,FALSE,,,,,,,,,,,,,,,,
,,,,,,,,,,,FALSE,,,,,,,,,,,,,,,,
,,,,,,,,,,,FALSE,,,,,,,,,,,,,,,,
,,,,,,,,,,,FALSE,,,,,,,,,,,,,,,,
,,,,,,,,,,,FALSE,,,,,,,,,,,,,,,,
,,,,,,,,,,,FALSE,,,,,,,,,,,,,,,,
,,,,,,,,,,,FALSE,,,,,,,,,,,,,,,,
,,,,,,,,,,,FALSE,,,,,,,,,,,,,,,,
,,,,,,,,,,,FALSE,,,,,,,,,,,,,,,,
,,,,,,,,,,,FALSE,,,,,,,,,,,,,,,,
,,,,,,,,,,,FALSE,,,,,,,,,,,,,,,,
,,,,,,,,,,,FALSE,,,,,,,,,,,,,,,,
,,,,,,,,,,,FALSE,,,,,,,,,,,,,,,,
,,,,,,,,,,,FALSE,,,,,,,,,,,,,,,,
,,,,,,,,,,,FALSE,,,,,,,,,,,,,,,,
,,,,,,,,,,,FALSE,,,,,,,,,,,,,,,,
,,,,,,,,,,,FALSE,,,,,,,,,,,,,,,,
,,,,,,,,,,,FALSE,,,,,,,,,,,,,,,,
,,,,,,,,,,,FALSE,,,,,,,,,,,,,,,,
,,,,,,,,,,,FALSE,,,,,,,,,,,,,,,,
,,,,,,,,,,,FALSE,,,,,,,,,,,,,,,,
,,,,,,,,,,,FALSE,,,,,,,,,,,,,,,,
,,,,,,,,,,,FALSE,,,,,,,,,,,,,,,,
,,,,,,,,,,,FALSE,,,,,,,,,,,,,,,,
,,,,,,,,,,,FALSE,,,,,,,,,,,,,,,,
,,,,,,,,,,,FALSE,,,,,,,,,,,,,,,,
,,,,,,,,,,,FALSE,,,,,,,,,,,,,,,,
,,,,,,,,,,,FALSE,,,,,,,,,,,,,,,,
,,,,,,,,,,,FALSE,,,,,,,,,,,,,,,,
,,,,,,,,,,,FALSE,,,,,,,,,,,,,,,,
,,,,,,,,,,,FALSE,,,,,,,,,,,,,,,,
,,,,,,,,,,,FALSE,,,,,,,,,,,,,,,,
,,,,,,,,,,,FALSE,,,,,,,,,,,,,,,,
,,,,,,,,,,,FALSE,,,,,,,,,,,,,,,,
,,,,,,,,,,,FALSE,,,,,,,,,,,,,,,,
,,,,,,,,,,,FALSE,,,,,,,,,,,,,,,,
,,,,,,,,,,,FALSE,,,,,,,,,,,,,,,,
,,,,,,,,,,,FALSE,,,,,,,,,,,,,,,,
,,,,,,,,,,,FALSE,,,,,,,,,,,,,,,,
,,,,,,,,,,,FALSE,,,,,,,,,,,,,,,,
,,,,,,,,,,,FALSE,,,,,,,,,,,,,,,,
,,,,,,,,,,,FALSE,,,,,,,,,,,,,,,,
,,,,,,,,,,,FALSE,,,,,,,,,,,,,,,,
,,,,,,,,,,,FALSE,,,,,,,,,,,,,,,,
,,,,,,,,,,,FALSE,,,,,,,,,,,,,,,,
,,,,,,,,,,,FALSE,,,,,,,,,,,,,,,,
,,,,,,,,,,,FALSE,,,,,,,,,,,,,,,,
,,,,,,,,,,,FALSE,,,,,,,,,,,,,,,,
,,,,,,,,,,,FALSE,,,,,,,,,,,,,,,,
,,,,,,,,,,,FALSE,,,,,,,,,,,,,,,,
,,,,,,,,,,,FALSE,,,,,,,,,,,,,,,,
,,,,,,,,,,,FALSE,,,,,,,,,,,,,,,,
,,,,,,,,,,,FALSE,,,,,,,,,,,,,,,,
,,,,,,,,,,,FALSE,,,,,,,,,,,,,,,,
,,,,,,,,,,,FALSE,,,,,,,,,,,,,,,,
,,,,,,,,,,,FALSE,,,,,,,,,,,,,,,,
,,,,,,,,,,,FALSE,,,,,,,,,,,,,,,,
,,,,,,,,,,,FALSE,,,,,,,,,,,,,,,,
,,,,,,,,,,,FALSE,,,,,,,,,,,,,,,,
,,,,,,,,,,,FALSE,,,,,,,,,,,,,,,,
,,,,,,,,,,,FALSE,,,,,,,,,,,,,,,,
,,,,,,,,,,,FALSE,,,,,,,,,,,,,,,,
,,,,,,,,,,,FALSE,,,,,,,,,,,,,,,,
,,,,,,,,,,,FALSE,,,,,,,,,,,,,,,,
,,,,,,,,,,,FALSE,,,,,,,,,,,,,,,,
,,,,,,,,,,,FALSE,,,,,,,,,,,,,,,,
,,,,,,,,,,,FALSE,,,,,,,,,,,,,,,,
,,,,,,,,,,,FALSE,,,,,,,,,,,,,,,,
,,,,,,,,,,,FALSE,,,,,,,,,,,,,,,,
,,,,,,,,,,,FALSE,,,,,,,,,,,,,,,,
,,,,,,,,,,,FALSE,,,,,,,,,,,,,,,,
,,,,,,,,,,,FALSE,,,,,,,,,,,,,,,,
,,,,,,,,,,,FALSE,,,,,,,,,,,,,,,,
,,,,,,,,,,,FALSE,,,,,,,,,,,,,,,,
,,,,,,,,,,,FALSE,,,,,,,,,,,,,,,,
,,,,,,,,,,,FALSE,,,,,,,,,,,,,,,,
,,,,,,,,,,,FALSE,,,,,,,,,,,,,,,,
,,,,,,,,,,,FALSE,,,,,,,,,,,,,,,,
,,,,,,,,,,,FALSE,,,,,,,,,,,,,,,,
,,,,,,,,,,,FALSE,,,,,,,,,,,,,,,,
,,,,,,,,,,,FALSE,,,,,,,,,,,,,,,,
,,,,,,,,,,,FALSE,,,,,,,,,,,,,,,,
,,,,,,,,,,,FALSE,,,,,,,,,,,,,,,,
,,,,,,,,,,,FALSE,,,,,,,,,,,,,,,,
,,,,,,,,,,,FALSE,,,,,,,,,,,,,,,,
,,,,,,,,,,,FALSE,,,,,,,,,,,,,,,,
,,,,,,,,,,,FALSE,,,,,,,,,,,,,,,,
,,,,,,,,,,,FALSE,,,,,,,,,,,,,,,,
,,,,,,,,,,,FALSE,,,,,,,,,,,,,,,,
,,,,,,,,,,,FALSE,,,,,,,,,,,,,,,,
,,,,,,,,,,,FALSE,,,,,,,,,,,,,,,,
,,,,,,,,,,,FALSE,,,,,,,,,,,,,,,,
,,,,,,,,,,,FALSE,,,,,,,,,,,,,,,,
,,,,,,,,,,,FALSE,,,,,,,,,,,,,,,,
,,,,,,,,,,,FALSE,,,,,,,,,,,,,,,,
,,,,,,,,,,,FALSE,,,,,,,,,,,,,,,,
,,,,,,,,,,,FALSE,,,,,,,,,,,,,,,,
,,,,,,,,,,,FALSE,,,,,,,,,,,,,,,,
,,,,,,,,,,,FALSE,,,,,,,,,,,,,,,,
,,,,,,,,,,,FALSE,,,,,,,,,,,,,,,,
,,,,,,,,,,,FALSE,,,,,,,,,,,,,,,,
,,,,,,,,,,,FALSE,,,,,,,,,,,,,,,,
,,,,,,,,,,,FALSE,,,,,,,,,,,,,,,,
,,,,,,,,,,,FALSE,,,,,,,,,,,,,,,,
,,,,,,,,,,,FALSE,,,,,,,,,,,,,,,,
,,,,,,,,,,,FALSE,,,,,,,,,,,,,,,,
,,,,,,,,,,,FALSE,,,,,,,,,,,,,,,,
,,,,,,,,,,,FALSE,,,,,,,,,,,,,,,,
,,,,,,,,,,,FALSE,,,,,,,,,,,,,,,,
,,,,,,,,,,,FALSE,,,,,,,,,,,,,,,,
,,,,,,,,,,,FALSE,,,,,,,,,,,,,,,,
,,,,,,,,,,,FALSE,,,,,,,,,,,,,,,,
,,,,,,,,,,,FALSE,,,,,,,,,,,,,,,,
,,,,,,,,,,,FALSE,,,,,,,,,,,,,,,,
,,,,,,,,,,,FALSE,,,,,,,,,,,,,,,,
,,,,,,,,,,,FALSE,,,,,,,,,,,,,,,,
,,,,,,,,,,,FALSE,,,,,,,,,,,,,,,,
,,,,,,,,,,,FALSE,,,,,,,,,,,,,,,,
,,,,,,,,,,,FALSE,,,,,,,,,,,,,,,,
,,,,,,,,,,,FALSE,,,,,,,,,,,,,,,,
,,,,,,,,,,,FALSE,,,,,,,,,,,,,,,,
,,,,,,,,,,,FALSE,,,,,,,,,,,,,,,,
,,,,,,,,,,,FALSE,,,,,,,,,,,,,,,,
,,,,,,,,,,,FALSE,,,,,,,,,,,,,,,,
,,,,,,,,,,,FALSE,,,,,,,,,,,,,,,,
,,,,,,,,,,,FALSE,,,,,,,,,,,,,,,,
,,,,,,,,,,,FALSE,,,,,,,,,,,,,,,,
,,,,,,,,,,,FALSE,,,,,,,,,,,,,,,,
,,,,,,,,,,,FALSE,,,,,,,,,,,,,,,,
,,,,,,,,,,,FALSE,,,,,,,,,,,,,,,,
,,,,,,,,,,,FALSE,,,,,,,,,,,,,,,,
,,,,,,,,,,,FALSE,,,,,,,,,,,,,,,,
,,,,,,,,,,,FALSE,,,,,,,,,,,,,,,,
,,,,,,,,,,,FALSE,,,,,,,,,,,,,,,,
,,,,,,,,,,,FALSE,,,,,,,,,,,,,,,,
,,,,,,,,,,,FALSE,,,,,,,,,,,,,,,,
,,,,,,,,,,,FALSE,,,,,,,,,,,,,,,,
,,,,,,,,,,,FALSE,,,,,,,,,,,,,,,,
,,,,,,,,,,,FALSE,,,,,,,,,,,,,,,,
,,,,,,,,,,,FALSE,,,,,,,,,,,,,,,,
,,,,,,,,,,,FALSE,,,,,,,,,,,,,,,,
,,,,,,,,,,,FALSE,,,,,,,,,,,,,,,,
,,,,,,,,,,,FALSE,,,,,,,,,,,,,,,,
,,,,,,,,,,,FALSE,,,,,,,,,,,,,,,,
,,,,,,,,,,,FALSE,,,,,,,,,,,,,,,,
,,,,,,,,,,,FALSE,,,,,,,,,,,,,,,,
,,,,,,,,,,,FALSE,,,,,,,,,,,,,,,,
,,,,,,,,,,,FALSE,,,,,,,,,,,,,,,,
,,,,,,,,,,,FALSE,,,,,,,,,,,,,,,,
,,,,,,,,,,,FALSE,,,,,,,,,,,,,,,,
,,,,,,,,,,,FALSE,,,,,,,,,,,,,,,,
,,,,,,,,,,,FALSE,,,,,,,,,,,,,,,,
,,,,,,,,,,,FALSE,,,,,,,,,,,,,,,,
,,,,,,,,,,,FALSE,,,,,,,,,,,,,,,,
,,,,,,,,,,,FALSE,,,,,,,,,,,,,,,,
,,,,,,,,,,,FALSE,,,,,,,,,,,,,,,,
,,,,,,,,,,,FALSE,,,,,,,,,,,,,,,,
,,,,,,,,,,,FALSE,,,,,,,,,,,,,,,,
,,,,,,,,,,,FALSE,,,,,,,,,,,,,,,,
,,,,,,,,,,,FALSE,,,,,,,,,,,,,,,,
,,,,,,,,,,,FALSE,,,,,,,,,,,,,,,,
,,,,,,,,,,,FALSE,,,,,,,,,,,,,,,,
,,,,,,,,,,,FALSE,,,,,,,,,,,,,,,,
,,,,,,,,,,,FALSE,,,,,,,,,,,,,,,,
,,,,,,,,,,,FALSE,,,,,,,,,,,,,,,,
,,,,,,,,,,,FALSE,,,,,,,,,,,,,,,,
,,,,,,,,,,,FALSE,,,,,,,,,,,,,,,,
,,,,,,,,,,,FALSE,,,,,,,,,,,,,,,,
,,,,,,,,,,,FALSE,,,,,,,,,,,,,,,,
,,,,,,,,,,,FALSE,,,,,,,,,,,,,,,,
,,,,,,,,,,,FALSE,,,,,,,,,,,,,,,,
,,,,,,,,,,,FALSE,,,,,,,,,,,,,,,,
,,,,,,,,,,,FALSE,,,,,,,,,,,,,,,,
,,,,,,,,,,,FALSE,,,,,,,,,,,,,,,,
,,,,,,,,,,,FALSE,,,,,,,,,,,,,,,,
,,,,,,,,,,,FALSE,,,,,,,,,,,,,,,,
,,,,,,,,,,,FALSE,,,,,,,,,,,,,,,,
,,,,,,,,,,,FALSE,,,,,,,,,,,,,,,,
,,,,,,,,,,,FALSE,,,,,,,,,,,,,,,,
,,,,,,,,,,,FALSE,,,,,,,,,,,,,,,,
,,,,,,,,,,,FALSE,,,,,,,,,,,,,,,,
,,,,,,,,,,,FALSE,,,,,,,,,,,,,,,,
,,,,,,,,,,,FALSE,,,,,,,,,,,,,,,,
,,,,,,,,,,,FALSE,,,,,,,,,,,,,,,,
,,,,,,,,,,,FALSE,,,,,,,,,,,,,,,,
,,,,,,,,,,,FALSE,,,,,,,,,,,,,,,,
,,,,,,,,,,,FALSE,,,,,,,,,,,,,,,,
,,,,,,,,,,,FALSE,,,,,,,,,,,,,,,,
,,,,,,,,,,,FALSE,,,,,,,,,,,,,,,,
,,,,,,,,,,,FALSE,,,,,,,,,,,,,,,,
,,,,,,,,,,,FALSE,,,,,,,,,,,,,,,,
,,,,,,,,,,,FALSE,,,,,,,,,,,,,,,,
,,,,,,,,,,,FALSE,,,,,,,,,,,,,,,,
,,,,,,,,,,,FALSE,,,,,,,,,,,,,,,,
,,,,,,,,,,,FALSE,,,,,,,,,,,,,,,,
,,,,,,,,,,,FALSE,,,,,,,,,,,,,,,,
,,,,,,,,,,,FALSE,,,,,,,,,,,,,,,,
,,,,,,,,,,,FALSE,,,,,,,,,,,,,,,,
,,,,,,,,,,,FALSE,,,,,,,,,,,,,,,,
,,,,,,,,,,,FALSE,,,,,,,,,,,,,,,,
,,,,,,,,,,,FALSE,,,,,,,,,,,,,,,,
,,,,,,,,,,,FALSE,,,,,,,,,,,,,,,,
,,,,,,,,,,,FALSE,,,,,,,,,,,,,,,,
,,,,,,,,,,,FALSE,,,,,,,,,,,,,,,,
,,,,,,,,,,,FALSE,,,,,,,,,,,,,,,,
,,,,,,,,,,,FALSE,,,,,,,,,,,,,,,,
,,,,,,,,,,,FALSE,,,,,,,,,,,,,,,,
,,,,,,,,,,,FALSE,,,,,,,,,,,,,,,,
,,,,,,,,,,,FALSE,,,,,,,,,,,,,,,,
,,,,,,,,,,,FALSE,,,,,,,,,,,,,,,,
,,,,,,,,,,,FALSE,,,,,,,,,,,,,,,,
,,,,,,,,,,,FALSE,,,,,,,,,,,,,,,,
,,,,,,,,,,,FALSE,,,,,,,,,,,,,,,,
,,,,,,,,,,,FALSE,,,,,,,,,,,,,,,,
,,,,,,,,,,,FALSE,,,,,,,,,,,,,,,,
,,,,,,,,,,,FALSE,,,,,,,,,,,,,,,,
,,,,,,,,,,,FALSE,,,,,,,,,,,,,,,,
,,,,,,,,,,,FALSE,,,,,,,,,,,,,,,,
,,,,,,,,,,,FALSE,,,,,,,,,,,,,,,,
,,,,,,,,,,,FALSE,,,,,,,,,,,,,,,,
,,,,,,,,,,,FALSE,,,,,,,,,,,,,,,,
,,,,,,,,,,,FALSE,,,,,,,,,,,,,,,,
,,,,,,,,,,,FALSE,,,,,,,,,,,,,,,,
,,,,,,,,,,,FALSE,,,,,,,,,,,,,,,,
,,,,,,,,,,,FALSE,,,,,,,,,,,,,,,,
,,,,,,,,,,,FALSE,,,,,,,,,,,,,,,,
,,,,,,,,,,,FALSE,,,,,,,,,,,,,,,,
,,,,,,,,,,,FALSE,,,,,,,,,,,,,,,,
,,,,,,,,,,,FALSE,,,,,,,,,,,,,,,,
,,,,,,,,,,,FALSE,,,,,,,,,,,,,,,,
,,,,,,,,,,,FALSE,,,,,,,,,,,,,,,,
,,,,,,,,,,,FALSE,,,,,,,,,,,,,,,,
,,,,,,,,,,,FALSE,,,,,,,,,,,,,,,,
,,,,,,,,,,,FALSE,,,,,,,,,,,,,,,,
,,,,,,,,,,,FALSE,,,,,,,,,,,,,,,,
,,,,,,,,,,,FALSE,,,,,,,,,,,,,,,,
,,,,,,,,,,,FALSE,,,,,,,,,,,,,,,,
,,,,,,,,,,,FALSE,,,,,,,,,,,,,,,,
,,,,,,,,,,,FALSE,,,,,,,,,,,,,,,,
,,,,,,,,,,,FALSE,,,,,,,,,,,,,,,,
,,,,,,,,,,,FALSE,,,,,,,,,,,,,,,,
,,,,,,,,,,,FALSE,,,,,,,,,,,,,,,,
,,,,,,,,,,,FALSE,,,,,,,,,,,,,,,,
,,,,,,,,,,,FALSE,,,,,,,,,,,,,,,,
,,,,,,,,,,,FALSE,,,,,,,,,,,,,,,,
,,,,,,,,,,,FALSE,,,,,,,,,,,,,,,,
,,,,,,,,,,,FALSE,,,,,,,,,,,,,,,,
,,,,,,,,,,,FALSE,,,,,,,,,,,,,,,,
,,,,,,,,,,,FALSE,,,,,,,,,,,,,,,,
,,,,,,,,,,,FALSE,,,,,,,,,,,,,,,,
,,,,,,,,,,,FALSE,,,,,,,,,,,,,,,,
,,,,,,,,,,,FALSE,,,,,,,,,,,,,,,,
,,,,,,,,,,,FALSE,,,,,,,,,,,,,,,,
,,,,,,,,,,,FALSE,,,,,,,,,,,,,,,,
,,,,,,,,,,,FALSE,,,,,,,,,,,,,,,,
,,,,,,,,,,,FALSE,,,,,,,,,,,,,,,,
,,,,,,,,,,,FALSE,,,,,,,,,,,,,,,,
,,,,,,,,,,,FALSE,,,,,,,,,,,,,,,,
,,,,,,,,,,,FALSE,,,,,,,,,,,,,,,,
,,,,,,,,,,,FALSE,,,,,,,,,,,,,,,,
,,,,,,,,,,,FALSE,,,,,,,,,,,,,,,,
,,,,,,,,,,,FALSE,,,,,,,,,,,,,,,,
,,,,,,,,,,,FALSE,,,,,,,,,,,,,,,,
,,,,,,,,,,,FALSE,,,,,,,,,,,,,,,,
,,,,,,,,,,,FALSE,,,,,,,,,,,,,,,,
,,,,,,,,,,,FALSE,,,,,,,,,,,,,,,,
,,,,,,,,,,,FALSE,,,,,,,,,,,,,,,,
,,,,,,,,,,,FALSE,,,,,,,,,,,,,,,,
,,,,,,,,,,,FALSE,,,,,,,,,,,,,,,,
,,,,,,,,,,,FALSE,,,,,,,,,,,,,,,,
,,,,,,,,,,,FALSE,,,,,,,,,,,,,,,,
,,,,,,,,,,,FALSE,,,,,,,,,,,,,,,,
,,,,,,,,,,,FALSE,,,,,,,,,,,,,,,,
,,,,,,,,,,,FALSE,,,,,,,,,,,,,,,,
,,,,,,,,,,,FALSE,,,,,,,,,,,,,,,,
,,,,,,,,,,,FALSE,,,,,,,,,,,,,,,,
,,,,,,,,,,,FALSE,,,,,,,,,,,,,,,,
,,,,,,,,,,,FALSE,,,,,,,,,,,,,,,,
,,,,,,,,,,,FALSE,,,,,,,,,,,,,,,,
,,,,,,,,,,,FALSE,,,,,,,,,,,,,,,,
,,,,,,,,,,,FALSE,,,,,,,,,,,,,,,,
,,,,,,,,,,,FALSE,,,,,,,,,,,,,,,,
,,,,,,,,,,,FALSE,,,,,,,,,,,,,,,,
,,,,,,,,,,,FALSE,,,,,,,,,,,,,,,,
,,,,,,,,,,,FALSE,,,,,,,,,,,,,,,,
,,,,,,,,,,,FALSE,,,,,,,,,,,,,,,,
,,,,,,,,,,,FALSE,,,,,,,,,,,,,,,,
,,,,,,,,,,,FALSE,,,,,,,,,,,,,,,,
,,,,,,,,,,,FALSE,,,,,,,,,,,,,,,,
,,,,,,,,,,,FALSE,,,,,,,,,,,,,,,,
,,,,,,,,,,,FALSE,,,,,,,,,,,,,,,,
,,,,,,,,,,,FALSE,,,,,,,,,,,,,,,,
,,,,,,,,,,,FALSE,,,,,,,,,,,,,,,,
,,,,,,,,,,,FALSE,,,,,,,,,,,,,,,,
,,,,,,,,,,,FALSE,,,,,,,,,,,,,,,,
,,,,,,,,,,,FALSE,,,,,,,,,,,,,,,,
,,,,,,,,,,,FALSE,,,,,,,,,,,,,,,,
,,,,,,,,,,,FALSE,,,,,,,,,,,,,,,,
,,,,,,,,,,,FALSE,,,,,,,,,,,,,,,,
,,,,,,,,,,,FALSE,,,,,,,,,,,,,,,,
,,,,,,,,,,,FALSE,,,,,,,,,,,,,,,,
,,,,,,,,,,,FALSE,,,,,,,,,,,,,,,,
,,,,,,,,,,,FALSE,,,,,,,,,,,,,,,,
,,,,,,,,,,,FALSE,,,,,,,,,,,,,,,,
,,,,,,,,,,,FALSE,,,,,,,,,,,,,,,,
,,,,,,,,,,,FALSE,,,,,,,,,,,,,,,,
,,,,,,,,,,,FALSE,,,,,,,,,,,,,,,,
,,,,,,,,,,,FALSE,,,,,,,,,,,,,,,,
,,,,,,,,,,,FALSE,,,,,,,,,,,,,,,,
,,,,,,,,,,,FALSE,,,,,,,,,,,,,,,,
,,,,,,,,,,,FALSE,,,,,,,,,,,,,,,,
,,,,,,,,,,,FALSE,,,,,,,,,,,,,,,,
,,,,,,,,,,,FALSE,,,,,,,,,,,,,,,,
,,,,,,,,,,,FALSE,,,,,,,,,,,,,,,,
,,,,,,,,,,,FALSE,,,,,,,,,,,,,,,,
,,,,,,,,,,,FALSE,,,,,,,,,,,,,,,,
,,,,,,,,,,,FALSE,,,,,,,,,,,,,,,,
,,,,,,,,,,,FALSE,,,,,,,,,,,,,,,,
,,,,,,,,,,,FALSE,,,,,,,,,,,,,,,,
,,,,,,,,,,,FALSE,,,,,,,,,,,,,,,,
,,,,,,,,,,,FALSE,,,,,,,,,,,,,,,,
,,,,,,,,,,,FALSE,,,,,,,,,,,,,,,,
,,,,,,,,,,,FALSE,,,,,,,,,,,,,,,,
,,,,,,,,,,,FALSE,,,,,,,,,,,,,,,,
,,,,,,,,,,,FALSE,,,,,,,,,,,,,,,,
,,,,,,,,,,,FALSE,,,,,,,,,,,,,,,,
,,,,,,,,,,,FALSE,,,,,,,,,,,,,,,,
,,,,,,,,,,,FALSE,,,,,,,,,,,,,,,,
,,,,,,,,,,,FALSE,,,,,,,,,,,,,,,,
,,,,,,,,,,,FALSE,,,,,,,,,,,,,,,,
,,,,,,,,,,,FALSE,,,,,,,,,,,,,,,,
,,,,,,,,,,,FALSE,,,,,,,,,,,,,,,,
,,,,,,,,,,,FALSE,,,,,,,,,,,,,,,,
,,,,,,,,,,,FALSE,,,,,,,,,,,,,,,,
,,,,,,,,,,,FALSE,,,,,,,,,,,,,,,,
,,,,,,,,,,,FALSE,,,,,,,,,,,,,,,,
,,,,,,,,,,,FALSE,,,,,,,,,,,,,,,,
,,,,,,,,,,,FALSE,,,,,,,,,,,,,,,,
,,,,,,,,,,,FALSE,,,,,,,,,,,,,,,,
,,,,,,,,,,,FALSE,,,,,,,,,,,,,,,,
,,,,,,,,,,,FALSE,,,,,,,,,,,,,,,,
,,,,,,,,,,,FALSE,,,,,,,,,,,,,,,,
,,,,,,,,,,,FALSE,,,,,,,,,,,,,,,,
,,,,,,,,,,,FALSE,,,,,,,,,,,,,,,,
,,,,,,,,,,,FALSE,,,,,,,,,,,,,,,,
,,,,,,,,,,,FALSE,,,,,,,,,,,,,,,,
,,,,,,,,,,,FALSE,,,,,,,,,,,,,,,,
,,,,,,,,,,,FALSE,,,,,,,,,,,,,,,,
,,,,,,,,,,,FALSE,,,,,,,,,,,,,,,,
,,,,,,,,,,,FALSE,,,,,,,,,,,,,,,,
,,,,,,,,,,,FALSE,,,,,,,,,,,,,,,,
,,,,,,,,,,,FALSE,,,,,,,,,,,,,,,,
,,,,,,,,,,,FALSE,,,,,,,,,,,,,,,,
,,,,,,,,,,,FALSE,,,,,,,,,,,,,,,,
,,,,,,,,,,,FALSE,,,,,,,,,,,,,,,,
,,,,,,,,,,,FALSE,,,,,,,,,,,,,,,,
,,,,,,,,,,,FALSE,,,,,,,,,,,,,,,,
,,,,,,,,,,,FALSE,,,,,,,,,,,,,,,,
,,,,,,,,,,,FALSE,,,,,,,,,,,,,,,,
,,,,,,,,,,,FALSE,,,,,,,,,,,,,,,,
,,,,,,,,,,,FALSE,,,,,,,,,,,,,,,,
,,,,,,,,,,,FALSE,,,,,,,,,,,,,,,,
,,,,,,,,,,,FALSE,,,,,,,,,,,,,,,,
,,,,,,,,,,,FALSE,,,,,,,,,,,,,,,,
,,,,,,,,,,,FALSE,,,,,,,,,,,,,,,,
,,,,,,,,,,,FALSE,,,,,,,,,,,,,,,,
,,,,,,,,,,,FALSE,,,,,,,,,,,,,,,,
,,,,,,,,,,,FALSE,,,,,,,,,,,,,,,,
,,,,,,,,,,,FALSE,,,,,,,,,,,,,,,,
,,,,,,,,,,,FALSE,,,,,,,,,,,,,,,,
,,,,,,,,,,,FALSE,,,,,,,,,,,,,,,,
,,,,,,,,,,,FALSE,,,,,,,,,,,,,,,,
,,,,,,,,,,,FALSE,,,,,,,,,,,,,,,,
,,,,,,,,,,,FALSE,,,,,,,,,,,,,,,,
,,,,,,,,,,,FALSE,,,,,,,,,,,,,,,,
,,,,,,,,,,,FALSE,,,,,,,,,,,,,,,,
,,,,,,,,,,,FALSE,,,,,,,,,,,,,,,,
,,,,,,,,,,,FALSE,,,,,,,,,,,,,,,,
,,,,,,,,,,,FALSE,,,,,,,,,,,,,,,,
,,,,,,,,,,,FALSE,,,,,,,,,,,,,,,,
,,,,,,,,,,,FALSE,,,,,,,,,,,,,,,,
,,,,,,,,,,,FALSE,,,,,,,,,,,,,,,,
,,,,,,,,,,,FALSE,,,,,,,,,,,,,,,,
,,,,,,,,,,,FALSE,,,,,,,,,,,,,,,,
,,,,,,,,,,,FALSE,,,,,,,,,,,,,,,,
,,,,,,,,,,,FALSE,,,,,,,,,,,,,,,,
,,,,,,,,,,,FALSE,,,,,,,,,,,,,,,,
,,,,,,,,,,,FALSE,,,,,,,,,,,,,,,,
,,,,,,,,,,,FALSE,,,,,,,,,,,,,,,,
,,,,,,,,,,,FALSE,,,,,,,,,,,,,,,,
,,,,,,,,,,,FALSE,,,,,,,,,,,,,,,,
,,,,,,,,,,,FALSE,,,,,,,,,,,,,,,,
,,,,,,,,,,,FALSE,,,,,,,,,,,,,,,,
,,,,,,,,,,,FALSE,,,,,,,,,,,,,,,,
,,,,,,,,,,,FALSE,,,,,,,,,,,,,,,,
,,,,,,,,,,,FALSE,,,,,,,,,,,,,,,,
,,,,,,,,,,,FALSE,,,,,,,,,,,,,,,,
,,,,,,,,,,,FALSE,,,,,,,,,,,,,,,,
,,,,,,,,,,,FALSE,,,,,,,,,,,,,,,,
,,,,,,,,,,,FALSE,,,,,,,,,,,,,,,,
,,,,,,,,,,,FALSE,,,,,,,,,,,,,,,,
,,,,,,,,,,,FALSE,,,,,,,,,,,,,,,,
,,,,,,,,,,,FALSE,,,,,,,,,,,,,,,,
,,,,,,,,,,,FALSE,,,,,,,,,,,,,,,,
,,,,,,,,,,,FALSE,,,,,,,,,,,,,,,,
,,,,,,,,,,,FALSE,,,,,,,,,,,,,,,,
,,,,,,,,,,,FALSE,,,,,,,,,,,,,,,,
,,,,,,,,,,,FALSE,,,,,,,,,,,,,,,,
,,,,,,,,,,,FALSE,,,,,,,,,,,,,,,,
,,,,,,,,,,,FALSE,,,,,,,,,,,,,,,,
,,,,,,,,,,,FALSE,,,,,,,,,,,,,,,,
,,,,,,,,,,,FALSE,,,,,,,,,,,,,,,,
,,,,,,,,,,,FALSE,,,,,,,,,,,,,,,,
,,,,,,,,,,,FALSE,,,,,,,,,,,,,,,,
,,,,,,,,,,,FALSE,,,,,,,,,,,,,,,,
,,,,,,,,,,,FALSE,,,,,,,,,,,,,,,,
,,,,,,,,,,,FALSE,,,,,,,,,,,,,,,,
,,,,,,,,,,,FALSE,,,,,,,,,,,,,,,,
,,,,,,,,,,,FALSE,,,,,,,,,,,,,,,,
,,,,,,,,,,,FALSE,,,,,,,,,,,,,,,,
,,,,,,,,,,,FALSE,,,,,,,,,,,,,,,,
,,,,,,,,,,,FALSE,,,,,,,,,,,,,,,,
,,,,,,,,,,,FALSE,,,,,,,,,,,,,,,,
,,,,,,,,,,,FALSE,,,,,,,,,,,,,,,,
,,,,,,,,,,,FALSE,,,,,,,,,,,,,,,,
,,,,,,,,,,,FALSE,,,,,,,,,,,,,,,,
,,,,,,,,,,,FALSE,,,,,,,,,,,,,,,,
,,,,,,,,,,,FALSE,,,,,,,,,,,,,,,,
,,,,,,,,,,,FALSE,,,,,,,,,,,,,,,,
,,,,,,,,,,,FALSE,,,,,,,,,,,,,,,,
,,,,,,,,,,,FALSE,,,,,,,,,,,,,,,,
,,,,,,,,,,,FALSE,,,,,,,,,,,,,,,,
,,,,,,,,,,,FALSE,,,,,,,,,,,,,,,,
,,,,,,,,,,,FALSE,,,,,,,,,,,,,,,,
,,,,,,,,,,,FALSE,,,,,,,,,,,,,,,,
,,,,,,,,,,,FALSE,,,,,,,,,,,,,,,,
,,,,,,,,,,,FALSE,,,,,,,,,,,,,,,,
,,,,,,,,,,,FALSE,,,,,,,,,,,,,,,,
,,,,,,,,,,,FALSE,,,,,,,,,,,,,,,,
,,,,,,,,,,,FALSE,,,,,,,,,,,,,,,,
,,,,,,,,,,,FALSE,,,,,,,,,,,,,,,,
,,,,,,,,,,,FALSE,,,,,,,,,,,,,,,,
,,,,,,,,,,,FALSE,,,,,,,,,,,,,,,,
,,,,,,,,,,,FALSE,,,,,,,,,,,,,,,,
,,,,,,,,,,,FALSE,,,,,,,,,,,,,,,,
,,,,,,,,,,,FALSE,,,,,,,,,,,,,,,,
,,,,,,,,,,,FALSE,,,,,,,,,,,,,,,,
,,,,,,,,,,,FALSE,,,,,,,,,,,,,,,,
,,,,,,,,,,,FALSE,,,,,,,,,,,,,,,,
,,,,,,,,,,,FALSE,,,,,,,,,,,,,,,,
,,,,,,,,,,,FALSE,,,,,,,,,,,,,,,,
,,,,,,,,,,,FALSE,,,,,,,,,,,,,,,,
,,,,,,,,,,,FALSE,,,,,,,,,,,,,,,,
,,,,,,,,,,,FALSE,,,,,,,,,,,,,,,,
,,,,,,,,,,,FALSE,,,,,,,,,,,,,,,,
,,,,,,,,,,,FALSE,,,,,,,,,,,,,,,,
,,,,,,,,,,,FALSE,,,,,,,,,,,,,,,,
,,,,,,,,,,,FALSE,,,,,,,,,,,,,,,,
,,,,,,,,,,,FALSE,,,,,,,,,,,,,,,,
,,,,,,,,,,,FALSE,,,,,,,,,,,,,,,,
,,,,,,,,,,,FALSE,,,,,,,,,,,,,,,,
,,,,,,,,,,,FALSE,,,,,,,,,,,,,,,,
,,,,,,,,,,,FALSE,,,,,,,,,,,,,,,,
,,,,,,,,,,,FALSE,,,,,,,,,,,,,,,,
,,,,,,,,,,,FALSE,,,,,,,,,,,,,,,,
,,,,,,,,,,,FALSE,,,,,,,,,,,,,,,,
,,,,,,,,,,,FALSE,,,,,,,,,,,,,,,,
,,,,,,,,,,,FALSE,,,,,,,,,,,,,,,,
,,,,,,,,,,,FALSE,,,,,,,,,,,,,,,,
,,,,,,,,,,,FALSE,,,,,,,,,,,,,,,,
,,,,,,,,,,,FALSE,,,,,,,,,,,,,,,,
,,,,,,,,,,,FALSE,,,,,,,,,,,,,,,,
,,,,,,,,,,,FALSE,,,,,,,,,,,,,,,,
,,,,,,,,,,,FALSE,,,,,,,,,,,,,,,,
,,,,,,,,,,,FALSE,,,,,,,,,,,,,,,,
,,,,,,,,,,,FALSE,,,,,,,,,,,,,,,,
,,,,,,,,,,,FALSE,,,,,,,,,,,,,,,,
,,,,,,,,,,,FALSE,,,,,,,,,,,,,,,,
,,,,,,,,,,,FALSE,,,,,,,,,,,,,,,,
,,,,,,,,,,,FALSE,,,,,,,,,,,,,,,,
,,,,,,,,,,,FALSE,,,,,,,,,,,,,,,,
,,,,,,,,,,,FALSE,,,,,,,,,,,,,,,,
,,,,,,,,,,,FALSE,,,,,,,,,,,,,,,,
,,,,,,,,,,,FALSE,,,,,,,,,,,,,,,,
,,,,,,,,,,,FALSE,,,,,,,,,,,,,,,,
,,,,,,,,,,,FALSE,,,,,,,,,,,,,,,,
,,,,,,,,,,,FALSE,,,,,,,,,,,,,,,,
,,,,,,,,,,,FALSE,,,,,,,,,,,,,,,,
,,,,,,,,,,,FALSE,,,,,,,,,,,,,,,,
,,,,,,,,,,,FALSE,,,,,,,,,,,,,,,,
,,,,,,,,,,,FALSE,,,,,,,,,,,,,,,,
,,,,,,,,,,,FALSE,,,,,,,,,,,,,,,,
,,,,,,,,,,,FALSE,,,,,,,,,,,,,,,,
,,,,,,,,,,,FALSE,,,,,,,,,,,,,,,,
,,,,,,,,,,,FALSE,,,,,,,,,,,,,,,,
,,,,,,,,,,,FALSE,,,,,,,,,,,,,,,,
,,,,,,,,,,,FALSE,,,,,,,,,,,,,,,,
,,,,,,,,,,,FALSE,,,,,,,,,,,,,,,,
,,,,,,,,,,,FALSE,,,,,,,,,,,,,,,,
,,,,,,,,,,,FALSE,,,,,,,,,,,,,,,,
,,,,,,,,,,,FALSE,,,,,,,,,,,,,,,,
,,,,,,,,,,,FALSE,,,,,,,,,,,,,,,,
,,,,,,,,,,,FALSE,,,,,,,,,,,,,,,,
,,,,,,,,,,,FALSE,,,,,,,,,,,,,,,,
,,,,,,,,,,,FALSE,,,,,,,,,,,,,,,,
,,,,,,,,,,,FALSE,,,,,,,,,,,,,,,,
,,,,,,,,,,,FALSE,,,,,,,,,,,,,,,,
,,,,,,,,,,,FALSE,,,,,,,,,,,,,,,,
,,,,,,,,,,,FALSE,,,,,,,,,,,,,,,,
,,,,,,,,,,,FALSE,,,,,,,,,,,,,,,,
,,,,,,,,,,,FALSE,,,,,,,,,,,,,,,,
,,,,,,,,,,,FALSE,,,,,,,,,,,,,,,,
,,,,,,,,,,,FALSE,,,,,,,,,,,,,,,,
,,,,,,,,,,,FALSE,,,,,,,,,,,,,,,,
,,,,,,,,,,,FALSE,,,,,,,,,,,,,,,,
,,,,,,,,,,,FALSE,,,,,,,,,,,,,,,,
,,,,,,,,,,,FALSE,,,,,,,,,,,,,,,,
,,,,,,,,,,,FALSE,,,,,,,,,,,,,,,,
,,,,,,,,,,,FALSE,,,,,,,,,,,,,,,,
,,,,,,,,,,,FALSE,,,,,,,,,,,,,,,,
,,,,,,,,,,,FALSE,,,,,,,,,,,,,,,,
,,,,,,,,,,,FALSE,,,,,,,,,,,,,,,,
,,,,,,,,,,,FALSE,,,,,,,,,,,,,,,,
,,,,,,,,,,,FALSE,,,,,,,,,,,,,,,,
,,,,,,,,,,,FALSE,,,,,,,,,,,,,,,,
,,,,,,,,,,,FALSE,,,,,,,,,,,,,,,,
,,,,,,,,,,,FALSE,,,,,,,,,,,,,,,,
,,,,,,,,,,,FALSE,,,,,,,,,,,,,,,,
,,,,,,,,,,,FALSE,,,,,,,,,,,,,,,,
,,,,,,,,,,,FALSE,,,,,,,,,,,,,,,,
,,,,,,,,,,,FALSE,,,,,,,,,,,,,,,,
,,,,,,,,,,,FALSE,,,,,,,,,,,,,,,,
,,,,,,,,,,,FALSE,,,,,,,,,,,,,,,,
,,,,,,,,,,,FALSE,,,,,,,,,,,,,,,,
,,,,,,,,,,,FALSE,,,,,,,,,,,,,,,,
,,,,,,,,,,,FALSE,,,,,,,,,,,,,,,,
,,,,,,,,,,,FALSE,,,,,,,,,,,,,,,,
,,,,,,,,,,,FALSE,,,,,,,,,,,,,,,,
,,,,,,,,,,,FALSE,,,,,,,,,,,,,,,,
,,,,,,,,,,,FALSE,,,,,,,,,,,,,,,,
,,,,,,,,,,,FALSE,,,,,,,,,,,,,,,,
,,,,,,,,,,,FALSE,,,,,,,,,,,,,,,,
,,,,,,,,,,,FALSE,,,,,,,,,,,,,,,,
,,,,,,,,,,,FALSE,,,,,,,,,,,,,,,,
,,,,,,,,,,,FALSE,,,,,,,,,,,,,,,,
,,,,,,,,,,,FALSE,,,,,,,,,,,,,,,,
,,,,,,,,,,,FALSE,,,,,,,,,,,,,,,,
,,,,,,,,,,,FALSE,,,,,,,,,,,,,,,,
,,,,,,,,,,,FALSE,,,,,,,,,,,,,,,,
,,,,,,,,,,,FALSE,,,,,,,,,,,,,,,,
,,,,,,,,,,,FALSE,,,,,,,,,,,,,,,,
,,,,,,,,,,,FALSE,,,,,,,,,,,,,,,,
,,,,,,,,,,,FALSE,,,,,,,,,,,,,,,,
,,,,,,,,,,,FALSE,,,,,,,,,,,,,,,,
,,,,,,,,,,,FALSE,,,,,,,,,,,,,,,,
,,,,,,,,,,,FALSE,,,,,,,,,,,,,,,,
,,,,,,,,,,,FALSE,,,,,,,,,,,,,,,,
,,,,,,,,,,,FALSE,,,,,,,,,,,,,,,,
,,,,,,,,,,,FALSE,,,,,,,,,,,,,,,,
,,,,,,,,,,,FALSE,,,,,,,,,,,,,,,,
,,,,,,,,,,,FALSE,,,,,,,,,,,,,,,,
,,,,,,,,,,,FALSE,,,,,,,,,,,,,,,,
,,,,,,,,,,,FALSE,,,,,,,,,,,,,,,,
,,,,,,,,,,,FALSE,,,,,,,,,,,,,,,,
,,,,,,,,,,,FALSE,,,,,,,,,,,,,,,,
,,,,,,,,,,,FALSE,,,,,,,,,,,,,,,,
,,,,,,,,,,,FALSE,,,,,,,,,,,,,,,,
,,,,,,,,,,,FALSE,,,,,,,,,,,,,,,,
,,,,,,,,,,,FALSE,,,,,,,,,,,,,,,,
,,,,,,,,,,,FALSE,,,,,,,,,,,,,,,,
,,,,,,,,,,,FALSE,,,,,,,,,,,,,,,,
,,,,,,,,,,,FALSE,,,,,,,,,,,,,,,,
,,,,,,,,,,,FALSE,,,,,,,,,,,,,,,,
,,,,,,,,,,,FALSE,,,,,,,,,,,,,,,,
,,,,,,,,,,,FALSE,,,,,,,,,,,,,,,,
,,,,,,,,,,,FALSE,,,,,,,,,,,,,,,,
,,,,,,,,,,,FALSE,,,,,,,,,,,,,,,,
,,,,,,,,,,,FALSE,,,,,,,,,,,,,,,,
,,,,,,,,,,,FALSE,,,,,,,,,,,,,,,,
,,,,,,,,,,,FALSE,,,,,,,,,,,,,,,,
,,,,,,,,,,,FALSE,,,,,,,,,,,,,,,,
,,,,,,,,,,,FALSE,,,,,,,,,,,,,,,,
,,,,,,,,,,,FALSE,,,,,,,,,,,,,,,,
,,,,,,,,,,,FALSE,,,,,,,,,,,,,,,,
,,,,,,,,,,,FALSE,,,,,,,,,,,,,,,,
,,,,,,,,,,,FALSE,,,,,,,,,,,,,,,,
,,,,,,,,,,,FALSE,,,,,,,,,,,,,,,,
,,,,,,,,,,,FALSE,,,,,,,,,,,,,,,,
,,,,,,,,,,,FALSE,,,,,,,,,,,,,,,,
,,,,,,,,,,,FALSE,,,,,,,,,,,,,,,,
,,,,,,,,,,,FALSE,,,,,,,,,,,,,,,,
,,,,,,,,,,,FALSE,,,,,,,,,,,,,,,,
,,,,,,,,,,,FALSE,,,,,,,,,,,,,,,,
,,,,,,,,,,,FALSE,,,,,,,,,,,,,,,,
,,,,,,,,,,,FALSE,,,,,,,,,,,,,,,,
,,,,,,,,,,,FALSE,,,,,,,,,,,,,,,,
,,,,,,,,,,,FALSE,,,,,,,,,,,,,,,,
,,,,,,,,,,,FALSE,,,,,,,,,,,,,,,,
,,,,,,,,,,,FALSE,,,,,,,,,,,,,,,,
,,,,,,,,,,,FALSE,,,,,,,,,,,,,,,,
,,,,,,,,,,,FALSE,,,,,,,,,,,,,,,,
,,,,,,,,,,,FALSE,,,,,,,,,,,,,,,,
,,,,,,,,,,,FALSE,,,,,,,,,,,,,,,,
,,,,,,,,,,,FALSE,,,,,,,,,,,,,,,,
,,,,,,,,,,,FALSE,,,,,,,,,,,,,,,,
,,,,,,,,,,,FALSE,,,,,,,,,,,,,,,,
,,,,,,,,,,,FALSE,,,,,,,,,,,,,,,,
,,,,,,,,,,,FALSE,,,,,,,,,,,,,,,,
,,,,,,,,,,,FALSE,,,,,,,,,,,,,,,,
,,,,,,,,,,,FALSE,,,,,,,,,,,,,,,,
,,,,,,,,,,,FALSE,,,,,,,,,,,,,,,,
,,,,,,,,,,,FALSE,,,,,,,,,,,,,,,,
,,,,,,,,,,,FALSE,,,,,,,,,,,,,,,,
,,,,,,,,,,,FALSE,,,,,,,,,,,,,,,,
,,,,,,,,,,,FALSE,,,,,,,,,,,,,,,,
,,,,,,,,,,,FALSE,,,,,,,,,,,,,,,,
,,,,,,,,,,,FALSE,,,,,,,,,,,,,,,,
,,,,,,,,,,,FALSE,,,,,,,,,,,,,,,,
,,,,,,,,,,,FALSE,,,,,,,,,,,,,,,,
,,,,,,,,,,,FALSE,,,,,,,,,,,,,,,,
,,,,,,,,,,,FALSE,,,,,,,,,,,,,,,,
,,,,,,,,,,,FALSE,,,,,,,,,,,,,,,,
,,,,,,,,,,,FALSE,,,,,,,,,,,,,,,,
,,,,,,,,,,,FALSE,,,,,,,,,,,,,,,,
,,,,,,,,,,,FALSE,,,,,,,,,,,,,,,,
,,,,,,,,,,,FALSE,,,,,,,,,,,,,,,,
,,,,,,,,,,,FALSE,,,,,,,,,,,,,,,,
,,,,,,,,,,,FALSE,,,,,,,,,,,,,,,,
,,,,,,,,,,,FALSE,,,,,,,,,,,,,,,,
,,,,,,,,,,,FALSE,,,,,,,,,,,,,,,,
,,,,,,,,,,,FALSE,,,,,,,,,,,,,,,,
,,,,,,,,,,,FALSE,,,,,,,,,,,,,,,,
,,,,,,,,,,,FALSE,,,,,,,,,,,,,,,,
,,,,,,,,,,,FALSE,,,,,,,,,,,,,,,,
,,,,,,,,,,,FALSE,,,,,,,,,,,,,,,,
,,,,,,,,,,,FALSE,,,,,,,,,,,,,,,,
,,,,,,,,,,,FALSE,,,,,,,,,,,,,,,,
,,,,,,,,,,,FALSE,,,,,,,,,,,,,,,,
,,,,,,,,,,,FALSE,,,,,,,,,,,,,,,,
,,,,,,,,,,,FALSE,,,,,,,,,,,,,,,,
,,,,,,,,,,,FALSE,,,,,,,,,,,,,,,,
,,,,,,,,,,,FALSE,,,,,,,,,,,,,,,,
,,,,,,,,,,,FALSE,,,,,,,,,,,,,,,,
,,,,,,,,,,,FALSE,,,,,,,,,,,,,,,,
,,,,,,,,,,,FALSE,,,,,,,,,,,,,,,,
,,,,,,,,,,,FALSE,,,,,,,,,,,,,,,,
,,,,,,,,,,,FALSE,,,,,,,,,,,,,,,,
,,,,,,,,,,,FALSE,,,,,,,,,,,,,,,,
,,,,,,,,,,,FALSE,,,,,,,,,,,,,,,,
,,,,,,,,,,,FALSE,,,,,,,,,,,,,,,,
,,,,,,,,,,,FALSE,,,,,,,,,,,,,,,,
,,,,,,,,,,,FALSE,,,,,,,,,,,,,,,,
,,,,,,,,,,,FALSE,,,,,,,,,,,,,,,,
,,,,,,,,,,,FALSE,,,,,,,,,,,,,,,,
,,,,,,,,,,,FALSE,,,,,,,,,,,,,,,,
,,,,,,,,,,,FALSE,,,,,,,,,,,,,,,,
,,,,,,,,,,,FALSE,,,,,,,,,,,,,,,,
,,,,,,,,,,,FALSE,,,,,,,,,,,,,,,,
,,,,,,,,,,,FALSE,,,,,,,,,,,,,,,,
,,,,,,,,,,,FALSE,,,,,,,,,,,,,,,,
,,,,,,,,,,,FALSE,,,,,,,,,,,,,,,,
,,,,,,,,,,,FALSE,,,,,,,,,,,,,,,,
,,,,,,,,,,,FALSE,,,,,,,,,,,,,,,,
,,,,,,,,,,,FALSE,,,,,,,,,,,,,,,,
,,,,,,,,,,,FALSE,,,,,,,,,,,,,,,,
,,,,,,,,,,,FALSE,,,,,,,,,,,,,,,,
,,,,,,,,,,,FALSE,,,,,,,,,,,,,,,,
,,,,,,,,,,,FALSE,,,,,,,,,,,,,,,,
,,,,,,,,,,,FALSE,,,,,,,,,,,,,,,,
,,,,,,,,,,,FALSE,,,,,,,,,,,,,,,,
,,,,,,,,,,,FALSE,,,,,,,,,,,,,,,,
,,,,,,,,,,,FALSE,,,,,,,,,,,,,,,,
,,,,,,,,,,,FALSE,,,,,,,,,,,,,,,,
,,,,,,,,,,,FALSE,,,,,,,,,,,,,,,,
,,,,,,,,,,,FALSE,,,,,,,,,,,,,,,,
,,,,,,,,,,,FALSE,,,,,,,,,,,,,,,,
,,,,,,,,,,,FALSE,,,,,,,,,,,,,,,,
,,,,,,,,,,,FALSE,,,,,,,,,,,,,,,,
,,,,,,,,,,,FALSE,,,,,,,,,,,,,,,,
,,,,,,,,,,,FALSE,,,,,,,,,,,,,,,,
,,,,,,,,,,,FALSE,,,,,,,,,,,,,,,,
,,,,,,,,,,,FALSE,,,,,,,,,,,,,,,,
,,,,,,,,,,,FALSE,,,,,,,,,,,,,,,,
,,,,,,,,,,,FALSE,,,,,,,,,,,,,,,,
,,,,,,,,,,,FALSE,,,,,,,,,,,,,,,,
,,,,,,,,,,,FALSE,,,,,,,,,,,,,,,,
,,,,,,,,,,,FALSE,,,,,,,,,,,,,,,,
,,,,,,,,,,,FALSE,,,,,,,,,,,,,,,,
,,,,,,,,,,,FALSE,,,,,,,,,,,,,,,,
,,,,,,,,,,,FALSE,,,,,,,,,,,,,,,,
,,,,,,,,,,,FALSE,,,,,,,,,,,,,,,,
,,,,,,,,,,,FALSE,,,,,,,,,,,,,,,,
,,,,,,,,,,,FALSE,,,,,,,,,,,,,,,,
,,,,,,,,,,,FALSE,,,,,,,,,,,,,,,,
,,,,,,,,,,,FALSE,,,,,,,,,,,,,,,,
,,,,,,,,,,,FALSE,,,,,,,,,,,,,,,,
,,,,,,,,,,,FALSE,,,,,,,,,,,,,,,,
,,,,,,,,,,,FALSE,,,,,,,,,,,,,,,,
,,,,,,,,,,,FALSE,,,,,,,,,,,,,,,,
,,,,,,,,,,,FALSE,,,,,,,,,,,,,,,,
,,,,,,,,,,,FALSE,,,,,,,,,,,,,,,,
,,,,,,,,,,,FALSE,,,,,,,,,,,,,,,,
,,,,,,,,,,,FALSE,,,,,,,,,,,,,,,,
,,,,,,,,,,,FALSE,,,,,,,,,,,,,,,,
,,,,,,,,,,,FALSE,,,,,,,,,,,,,,,,
,,,,,,,,,,,FALSE,,,,,,,,,,,,,,,,
,,,,,,,,,,,FALSE,,,,,,,,,,,,,,,,
,,,,,,,,,,,FALSE,,,,,,,,,,,,,,,,
,,,,,,,,,,,FALSE,,,,,,,,,,,,,,,,
,,,,,,,,,,,FALSE,,,,,,,,,,,,,,,,
,,,,,,,,,,,FALSE,,,,,,,,,,,,,,,,
,,,,,,,,,,,FALSE,,,,,,,,,,,,,,,,
,,,,,,,,,,,FALSE,,,,,,,,,,,,,,,,
,,,,,,,,,,,FALSE,,,,,,,,,,,,,,,,
,,,,,,,,,,,FALSE,,,,,,,,,,,,,,,,
,,,,,,,,,,,FALSE,,,,,,,,,,,,,,,,
,,,,,,,,,,,FALSE,,,,,,,,,,,,,,,,
,,,,,,,,,,,FALSE,,,,,,,,,,,,,,,,
,,,,,,,,,,,FALSE,,,,,,,,,,,,,,,,
,,,,,,,,,,,FALSE,,,,,,,,,,,,,,,,
,,,,,,,,,,,FALSE,,,,,,,,,,,,,,,,
,,,,,,,,,,,FALSE,,,,,,,,,,,,,,,,
,,,,,,,,,,,FALSE,,,,,,,,,,,,,,,,
,,,,,,,,,,,FALSE,,,,,,,,,,,,,,,,
,,,,,,,,,,,FALSE,,,,,,,,,,,,,,,,
,,,,,,,,,,,FALSE,,,,,,,,,,,,,,,,
,,,,,,,,,,,FALSE,,,,,,,,,,,,,,,,
,,,,,,,,,,,FALSE,,,,,,,,,,,,,,,,
,,,,,,,,,,,FALSE,,,,,,,,,,,,,,,,
,,,,,,,,,,,FALSE,,,,,,,,,,,,,,,,
,,,,,,,,,,,FALSE,,,,,,,,,,,,,,,,
,,,,,,,,,,,FALSE,,,,,,,,,,,,,,,,
,,,,,,,,,,,FALSE,,,,,,,,,,,,,,,,
,,,,,,,,,,,FALSE,,,,,,,,,,,,,,,,
,,,,,,,,,,,FALSE,,,,,,,,,,,,,,,,
,,,,,,,,,,,FALSE,,,,,,,,,,,,,,,,
,,,,,,,,,,,FALSE,,,,,,,,,,,,,,,,
,,,,,,,,,,,FALSE,,,,,,,,,,,,,,,,
,,,,,,,,,,,FALSE,,,,,,,,,,,,,,,,
,,,,,,,,,,,FALSE,,,,,,,,,,,,,,,,
,,,,,,,,,,,FALSE,,,,,,,,,,,,,,,,
,,,,,,,,,,,FALSE,,,,,,,,,,,,,,,,
,,,,,,,,,,,FALSE,,,,,,,,,,,,,,,,
,,,,,,,,,,,FALSE,,,,,,,,,,,,,,,,
,,,,,,,,,,,FALSE,,,,,,,,,,,,,,,,
,,,,,,,,,,,FALSE,,,,,,,,,,,,,,,,
,,,,,,,,,,,FALSE,,,,,,,,,,,,,,,,
,,,,,,,,,,,FALSE,,,,,,,,,,,,,,,,
,,,,,,,,,,,FALSE,,,,,,,,,,,,,,,,
,,,,,,,,,,,FALSE,,,,,,,,,,,,,,,,
,,,,,,,,,,,FALSE,,,,,,,,,,,,,,,,
,,,,,,,,,,,FALSE,,,,,,,,,,,,,,,,
,,,,,,,,,,,FALSE,,,,,,,,,,,,,,,,
,,,,,,,,,,,FALSE,,,,,,,,,,,,,,,,
,,,,,,,,,,,FALSE,,,,,,,,,,,,,,,,
,,,,,,,,,,,FALSE,,,,,,,,,,,,,,,,
,,,,,,,,,,,FALSE,,,,,,,,,,,,,,,,
,,,,,,,,,,,FALSE,,,,,,,,,,,,,,,,
,,,,,,,,,,,FALSE,,,,,,,,,,,,,,,,
,,,,,,,,,,,FALSE,,,,,,,,,,,,,,,,
,,,,,,,,,,,FALSE,,,,,,,,,,,,,,,,
,,,,,,,,,,,FALSE,,,,,,,,,,,,,,,,
,,,,,,,,,,,FALSE,,,,,,,,,,,,,,,,
,,,,,,,,,,,FALSE,,,,,,,,,,,,,,,,
,,,,,,,,,,,FALSE,,,,,,,,,,,,,,,,
,,,,,,,,,,,FALSE,,,,,,,,,,,,,,,,
,,,,,,,,,,,FALSE,,,,,,,,,,,,,,,,
,,,,,,,,,,,FALSE,,,,,,,,,,,,,,,,
,,,,,,,,,,,FALSE,,,,,,,,,,,,,,,,
,,,,,,,,,,,FALSE,,,,,,,,,,,,,,,,
,,,,,,,,,,,FALSE,,,,,,,,,,,,,,,,
,,,,,,,,,,,FALSE,,,,,,,,,,,,,,,,
,,,,,,,,,,,FALSE,,,,,,,,,,,,,,,,
,,,,,,,,,,,FALSE,,,,,,,,,,,,,,,,
,,,,,,,,,,,FALSE,,,,,,,,,,,,,,,,
,,,,,,,,,,,FALSE,,,,,,,,,,,,,,,,
,,,,,,,,,,,FALSE,,,,,,,,,,,,,,,,
,,,,,,,,,,,FALSE,,,,,,,,,,,,,,,,
,,,,,,,,,,,FALSE,,,,,,,,,,,,,,,,
,,,,,,,,,,,FALSE,,,,,,,,,,,,,,,,
,,,,,,,,,,,FALSE,,,,,,,,,,,,,,,,
,,,,,,,,,,,FALSE,,,,,,,,,,,,,,,,
,,,,,,,,,,,FALSE,,,,,,,,,,,,,,,,
,,,,,,,,,,,FALSE,,,,,,,,,,,,,,,,
,,,,,,,,,,,FALSE,,,,,,,,,,,,,,,,
,,,,,,,,,,,FALSE,,,,,,,,,,,,,,,,
,,,,,,,,,,,FALSE,,,,,,,,,,,,,,,,
,,,,,,,,,,,FALSE,,,,,,,,,,,,,,,,
,,,,,,,,,,,FALSE,,,,,,,,,,,,,,,,
,,,,,,,,,,,FALSE,,,,,,,,,,,,,,,,
,,,,,,,,,,,FALSE,,,,,,,,,,,,,,,,
,,,,,,,,,,,FALSE,,,,,,,,,,,,,,,,
,,,,,,,,,,,FALSE,,,,,,,,,,,,,,,,
,,,,,,,,,,,FALSE,,,,,,,,,,,,,,,,
,,,,,,,,,,,FALSE,,,,,,,,,,,,,,,,
,,,,,,,,,,,FALSE,,,,,,,,,,,,,,,,
,,,,,,,,,,,FALSE,,,,,,,,,,,,,,,,
,,,,,,,,,,,FALSE,,,,,,,,,,,,,,,,
,,,,,,,,,,,FALSE,,,,,,,,,,,,,,,,
,,,,,,,,,,,FALSE,,,,,,,,,,,,,,,,
,,,,,,,,,,,FALSE,,,,,,,,,,,,,,,,
,,,,,,,,,,,FALSE,,,,,,,,,,,,,,,,
,,,,,,,,,,,FALSE,,,,,,,,,,,,,,,,
,,,,,,,,,,,FALSE,,,,,,,,,,,,,,,,
,,,,,,,,,,,FALSE,,,,,,,,,,,,,,,,
,,,,,,,,,,,FALSE,,,,,,,,,,,,,,,,
,,,,,,,,,,,FALSE,,,,,,,,,,,,,,,,
,,,,,,,,,,,FALSE,,,,,,,,,,,,,,,,
,,,,,,,,,,,FALSE,,,,,,,,,,,,,,,,
,,,,,,,,,,,FALSE,,,,,,,,,,,,,,,,
,,,,,,,,,,,FALSE,,,,,,,,,,,,,,,,
,,,,,,,,,,,FALSE,,,,,,,,,,,,,,,,
,,,,,,,,,,,FALSE,,,,,,,,,,,,,,,,
,,,,,,,,,,,FALSE,,,,,,,,,,,,,,,,
,,,,,,,,,,,FALSE,,,,,,,,,,,,,,,,
,,,,,,,,,,,FALSE,,,,,,,,,,,,,,,,
,,,,,,,,,,,FALSE,,,,,,,,,,,,,,,,
,,,,,,,,,,,FALSE,,,,,,,,,,,,,,,,
,,,,,,,,,,,FALSE,,,,,,,,,,,,,,,,
,,,,,,,,,,,FALSE,,,,,,,,,,,,,,,,
,,,,,,,,,,,FALSE,,,,,,,,,,,,,,,,
,,,,,,,,,,,FALSE,,,,,,,,,,,,,,,,
,,,,,,,,,,,FALSE,,,,,,,,,,,,,,,,
,,,,,,,,,,,FALSE,,,,,,,,,,,,,,,,
,,,,,,,,,,,FALSE,,,,,,,,,,,,,,,,
,,,,,,,,,,,FALSE,,,,,,,,,,,,,,,,
,,,,,,,,,,,FALSE,,,,,,,,,,,,,,,,
,,,,,,,,,,,FALSE,,,,,,,,,,,,,,,,
,,,,,,,,,,,FALSE,,,,,,,,,,,,,,,,
,,,,,,,,,,,FALSE,,,,,,,,,,,,,,,,
,,,,,,,,,,,FALSE,,,,,,,,,,,,,,,,
,,,,,,,,,,,FALSE,,,,,,,,,,,,,,,,
,,,,,,,,,,,FALSE,,,,,,,,,,,,,,,,
,,,,,,,,,,,FALSE,,,,,,,,,,,,,,,,
,,,,,,,,,,,FALSE,,,,,,,,,,,,,,,,
,,,,,,,,,,,FALSE,,,,,,,,,,,,,,,,
,,,,,,,,,,,FALSE,,,,,,,,,,,,,,,,
,,,,,,,,,,,FALSE,,,,,,,,,,,,,,,,
,,,,,,,,,,,FALSE,,,,,,,,,,,,,,,,
,,,,,,,,,,,FALSE,,,,,,,,,,,,,,,,
,,,,,,,,,,,FALSE,,,,,,,,,,,,,,,,
,,,,,,,,,,,FALSE,,,,,,,,,,,,,,,,
,,,,,,,,,,,FALSE,,,,,,,,,,,,,,,,
,,,,,,,,,,,FALSE,,,,,,,,,,,,,,,,
,,,,,,,,,,,FALSE,,,,,,,,,,,,,,,,
,,,,,,,,,,,FALSE,,,,,,,,,,,,,,,,
,,,,,,,,,,,FALSE,,,,,,,,,,,,,,,,
,,,,,,,,,,,FALSE,,,,,,,,,,,,,,,,
,,,,,,,,,,,FALSE,,,,,,,,,,,,,,,,
,,,,,,,,,,,FALSE,,,,,,,,,,,,,,,,
,,,,,,,,,,,FALSE,,,,,,,,,,,,,,,,
,,,,,,,,,,,FALSE,,,,,,,,,,,,,,,,
,,,,,,,,,,,FALSE,,,,,,,,,,,,,,,,
,,,,,,,,,,,FALSE,,,,,,,,,,,,,,,,
,,,,,,,,,,,FALSE,,,,,,,,,,,,,,,,
,,,,,,,,,,,FALSE,,,,,,,,,,,,,,,,
,,,,,,,,,,,FALSE,,,,,,,,,,,,,,,,
,,,,,,,,,,,FALSE,,,,,,,,,,,,,,,,
,,,,,,,,,,,FALSE,,,,,,,,,,,,,,,,
,,,,,,,,,,,FALSE,,,,,,,,,,,,,,,,
,,,,,,,,,,,FALSE,,,,,,,,,,,,,,,,
,,,,,,,,,,,FALSE,,,,,,,,,,,,,,,,
,,,,,,,,,,,FALSE,,,,,,,,,,,,,,,,
,,,,,,,,,,,FALSE,,,,,,,,,,,,,,,,
,,,,,,,,,,,FALSE,,,,,,,,,,,,,,,,
,,,,,,,,,,,FALSE,,,,,,,,,,,,,,,,
,,,,,,,,,,,FALSE,,,,,,,,,,,,,,,,
,,,,,,,,,,,FALSE,,,,,,,,,,,,,,,,
,,,,,,,,,,,FALSE,,,,,,,,,,,,,,,,
,,,,,,,,,,,FALSE,,,,,,,,,,,,,,,,
,,,,,,,,,,,FALSE,,,,,,,,,,,,,,,,
,,,,,,,,,,,FALSE,,,,,,,,,,,,,,,,
,,,,,,,,,,,FALSE,,,,,,,,,,,,,,,,
,,,,,,,,,,,FALSE,,,,,,,,,,,,,,,,
,,,,,,,,,,,FALSE,,,,,,,,,,,,,,,,
,,,,,,,,,,,FALSE,,,,,,,,,,,,,,,,
,,,,,,,,,,,FALSE,,,,,,,,,,,,,,,,
,,,,,,,,,,,FALSE,,,,,,,,,,,,,,,,
,,,,,,,,,,,FALSE,,,,,,,,,,,,,,,,
,,,,,,,,,,,FALSE,,,,,,,,,,,,,,,,
,,,,,,,,,,,FALSE,,,,,,,,,,,,,,,,
,,,,,,,,,,,FALSE,,,,,,,,,,,,,,,,
,,,,,,,,,,,FALSE,,,,,,,,,,,,,,,,
,,,,,,,,,,,FALSE,,,,,,,,,,,,,,,,